"チーム","会場","審査員","時刻","項目1","項目2","項目3","項目4","項目5","合計","紙番号","台帳番号","備考"
"G1","A","たけ","","","","","","","","","",""
"G1","B","佐伯","","","","","","","","","",""
"G1","C","ぷし","","","","","","","","","",""
"G1","D","やり","","","","","","","","","",""
"G2","A","たけ","","","","","","","","","",""
"G2","B","佐伯","","","","","","","","","",""
"G2","C","ぷし","","","","","","","","","",""
"G2","D","やり","","","","","","","","","",""
"G3","A","たけ","","","","","","","","","",""
"G3","B","佐伯","","","","","","","","","",""
"G3","C","ぷし","","","","","","","","","",""
"G3","D","やり","","","","","","","","","",""
"G4","A","たけ","","","","","","","","","",""
"G4","B","佐伯","","","","","","","","","",""
"G4","C","ぷし","","","","","","","","","",""
"G4","D","やり","","","","","","","","","",""
"G5","A","たけ","","","","","","","","","",""
"G5","B","佐伯","","","","","","","","","",""
"G5","C","ぷし","","","","","","","","","",""
"G5","D","やり","","","","","","","","","",""
"G6","A","たけ","","","","","","","","","",""
"G6","B","佐伯","","","","","","","","","",""
"G6","C","ぷし","","","","","","","","","",""
"G6","D","やり","","","","","","","","","",""
"G1","FINAL","審査員1","","","","","","","","","",""
"G1","FINAL","審査員2","","","","","","","","","",""
"G1","FINAL","審査員3","","","","","","","","","",""
"G2","FINAL","審査員1","","","","","","","","","",""
"G2","FINAL","審査員2","","","","","","","","","",""
"G2","FINAL","審査員3","","","","","","","","","",""
"G3","FINAL","審査員1","","","","","","","","","",""
"G3","FINAL","審査員2","","","","","","","","","",""
"G3","FINAL","審査員3","","","","","","","","","",""
"G4","FINAL","審査員1","","","","","","","","","",""
"G4","FINAL","審査員2","","","","","","","","","",""
"G4","FINAL","審査員3","","","","","","","","","",""
"G5","FINAL","審査員1","","","","","","","","","",""
"G5","FINAL","審査員2","","","","","","","","","",""
"G5","FINAL","審査員3","","","","","","","","","",""
"G6","FINAL","審査員1","","","","","","","","","",""
"G6","FINAL","審査員2","","","","","","","","","",""
"G6","FINAL","審査員3","","","","","","","","","",""
